x,y,category
0.42919839887398137,-1.9802542812318662,0
-3.705464590736555,-0.04070955845751367,0
0.6522793390878743,-2.1595676622271673,0
1.6374677935176134,-2.012754783761298,0
-3.2933531205111253,-2.188912702097243,0
-3.7796931216206726,-2.001762968943777,0
-0.8444772868863082,-1.913994250773365,0
-0.16021554699775042,-2.0953901983445458,0
1.636114074474325,-3.2071877686419983,0
-4.796044800837507,-1.7793542117074308,0
0.6198126812915206,-2.399188748318668,0
-2.288021135885611,-2.082856544246299,0
0.3908653522392296,-1.0439744115676888,0
-4.23297748308833,-2.2057114844458505,0
1.9973189644929308,-1.9024360870649917,0
-1.1605501112005912,-1.6072708893547896,0
-2.951690809398464,-1.8963255532876644,0
1.9464633770609172,-2.5274930915553417,0
-4.063467327444843,-1.707943823671433,0
-6.347393024271615,-0.622096422776174,0
0.8631568285019346,-1.8155975222054384,0
1.6099676091091721,-3.5779413332051497,0
-4.82841090622269,-1.2219553615133865,0
-5.775796574330788,-1.3990420486044945,0
-5.715905788590158,-2.494315171418476,0
0.6571280234207797,-3.5757861848171353,0
-3.2047821752920607,-3.302281587564763,0
-2.5339783529627153,-1.574177509482331,0
-5.24518757124917,-2.4238310560285745,0
-2.0373052016624897,-1.2900311532090263,0
-5.845903006239437,-1.7265401924186126,0
4.483687646019654,-2.3089101442494226,0
-3.2033132592141618,-1.7317756899265087,0
-4.004286887063369,-1.1381577096623716,0
2.5350051839554073,-3.09503924867684,0
-6.522007024127595,-0.4394621953954103,0
-0.031734041189025675,-3.365793503028105,0
-2.0006352582513913,-1.648214312523778,0
-3.7990425658825444,-2.0176220555770548,0
-2.446154465540738,-2.4942267494990547,0
-5.598577289686862,-1.386718624748107,0
0.3413034019701171,-3.7414537385831035,0
-0.5157899820028291,-1.3797013112570118,0
-5.244462289112227,-2.636530381857663,0
-1.2874423825360428,-2.892368948919974,0
-2.730602834070953,-1.838255686080281,0
-2.0130417743509823,-2.563684166424394,0
-4.276040264080631,-1.781430304665177,0
-3.717084030574446,0.34259557170479127,0
1.5079210588900271,-3.294232066733874,0
-2.1680833151772934,-0.6641655157053432,0
-1.7998705878483807,-2.6557402988458465,0
2.4560385632505293,-1.68660427736812,0
2.469084838211664,-0.8088775345808974,0
-0.6862625980022181,-2.8238297339741205,0
-8.809565166861798,-0.9375087235694952,0
-1.6174815404955054,-2.687555757678565,0
-2.9992164779523813,-0.4744835472473996,0
-3.715866903740145,-1.694655856222628,0
-2.6224475748839646,-0.5805744504176098,0
-4.837537299445785,-1.3812430209465936,0
-0.8728589198909995,-2.2275317045293423,0
-0.023265037764434116,-3.060508741928485,0
-1.7893316996640651,-1.5942637448771038,0
-2.3745497681206382,-3.172540807214448,0
-2.516262649718141,-2.1203836122043054,0
-0.1543124879426916,-4.0610468405596,0
-5.651418955021086,-1.2164911925499524,0
-4.542592893172961,-2.523368256631622,0
0.6648203023857397,-0.9731011665683296,0
-3.2809332986322826,-1.720566264012489,0
-5.449164674021963,-1.9873294199814255,0
-3.060613927817699,-2.1126415070770603,0
-4.816690628095813,-1.276678164866319,0
2.2168371437424863,-1.3608417448027934,0
-2.0820737901739506,-0.22696196394940094,0
-2.6414832830116466,-1.7282728790444084,0
-5.403451621596487,-1.8312311074401233,0
2.32030310557733,-2.5158769607358247,0
-4.859388446515876,0.4004836193781114,0
-1.7628836546089641,-1.1669950513195233,0
0.5604217695642935,-2.1869583798646572,0
-3.8885627064255517,-2.316981260418646,0
-3.5657480946349738,-2.1065516741166146,0
-0.937752162930606,-2.6885967788865437,0
-1.323714418983284,-2.996769419793419,0
-3.374478913276688,-1.573301658531162,0
-2.2035580665642813,0.21025420112110726,0
-2.805749797747638,0.21685677188803254,0
-4.685927524898895,-1.8347615819285297,0
-4.370807990464985,-0.48764756465872017,0
-3.38648655972386,-0.20794792719082533,0
-1.8517432358248866,-2.378899193352768,0
-3.3707527481953625,-1.145628355940394,0
0.6954645618931674,-2.8252750501133295,0
-4.135803129769789,-2.1011841041093358,0
-0.6101825824586797,-2.4833660442997454,0
-4.150379302592927,-2.8854388069029078,0
-2.6126046474949876,-1.3178707402286156,0
1.2092312129938287,-1.518968409777545,0
-3.8372605199900485,-0.47624120349741084,0
-4.360038633952023,-1.669154964493635,0
-2.5349648795708157,-1.8813761109826508,0
2.058758284177051,-1.40752786011383,0
-1.9104653627814776,-2.9003900874023425,0
-3.902919681810917,-0.9976992562103479,0
-4.334656701370719,-0.3355219241384293,0
2.0475654484704338,-2.044501792105816,0
-0.3250456152214063,-1.6817066250801074,0
-3.942966330582183,-2.8030294049249127,0
3.06463604414839,-3.6526993665783687,0
-3.8075339184618704,-0.34811556498957263,0
-5.797169442596363,-1.924131369577095,0
-2.2874841864504165,-1.268099211757029,0
-1.7716250372104518,-2.3190406341120124,0
-5.52204725117414,-1.8004767437624296,0
-4.877761332420785,-1.7596049407772683,0
-4.654911964830303,-2.80203527174203,0
-0.6655771956290664,-3.879038165710819,0
-0.007042959742514565,-1.3680915248475607,0
-0.29683080772385173,-0.960940619324852,0
-5.198392863980807,-0.27755812436284977,0
0.41643286094871534,-1.3028778568461021,0
0.5247039777414253,-1.6601247660818035,0
-5.134705469407249,0.1073883558014046,0
-2.8992580716376763,-2.396062729891249,0
-4.073072632438247,-0.5305406322157236,0
-5.0411595262306115,0.9392221812283652,0
-1.456779936705947,-1.9547670840686786,0
-0.007943903787751339,-1.835107180614779,0
3.5024930763387427,-3.8651288791548932,0
-2.285451330225362,-1.8464149985927554,0
-1.4025242131875313,-2.490837789858502,0
-2.4134071103275945,-2.6494811707801746,0
-0.16897895220072723,-3.335629753436842,0
-6.331769758229995,-0.20386658622406095,0
-7.582514517060046,-1.8088421454277914,0
-3.5530918087091825,-0.3964767057537504,0
-6.954507697587846,-0.6157968633816415,0
-2.750657510829203,-2.080450488662721,0
1.3902437615589647,-3.236304389941425,0
0.9962756031984279,-2.901026190398622,0
-3.108666308421629,-2.2371591993683704,0
-5.713670659103837,-2.407282310309157,0
1.580464092808037,-2.1601054886905215,0
-1.6186126899723228,-1.81192882139168,0
-2.0288219732910533,-1.0964743807957738,0
-4.788185299485097,-2.522044993567953,0
-4.622254238633472,-1.0530245230913329,0
0.6791496423124448,-1.8571231911297488,0
-4.133008427084302,-1.265552375450874,0
-1.3593742058198126,-3.310180039898352,0
-1.8629638401081734,-4.119632382212157,0
-0.044081947519245324,-2.1075188027026663,0
-2.0604416647894794,-0.8370258746073411,0
-2.3874198000023337,-2.0343517854853386,0
-5.003166232472854,-0.8792626734287803,0
-1.4207406094801547,-1.304198254525191,0
0.517909978303007,-1.7965216974126264,0
-1.791060790986857,-1.93977534094123,0
-5.522099698132519,1.0133983012799765,0
-6.446638829057437,-0.08957340113732615,0
-2.4383705163806355,-1.7557882870886363,0
-6.158393525873847,-0.9226983764566783,0
-5.663402528754856,-0.8165798562095141,0
-2.928515311191795,-0.6500123777380704,0
-5.801451778389106,-0.5814965238740628,0
-0.5131970565149546,-3.2819469888420567,0
-2.795509025293054,-1.9220813585565877,0
-5.405183202534799,-1.72790931564536,0
-1.2495326812888743,-2.367857240575761,0
-0.2582461468040238,-3.0066983606730804,0
-1.2939467767324153,-1.711002961223716,0
-1.6692947646270762,-0.38495282593968816,0
1.413991201095543,-3.2897502971221657,0
-1.326184629073476,-2.5001192055252446,0
-3.2244122482719346,-1.521075823891861,0
-1.5633704362531717,-1.2492147407564036,0
0.19524714931409548,-3.4656287452078702,0
-1.8832103857903306,-0.1807612696019667,0
-3.26470381206838,-1.615420652988822,0
1.9703684938307546,-1.618731056567006,0
1.9594385600683228,-2.626429522856177,0
0.11205736025679025,-2.900057973528307,0
-4.339738228378769,-1.6671799600994186,0
-0.9139602070985076,-3.990171402625994,0
-4.155559356730432,-2.4717992214095252,0
-0.1302594788355158,-1.8284265465640785,0
-0.5513244277799696,-1.1608921442432507,0
-1.677533642872247,-2.714267399101674,0
-1.6960173177624975,-0.09037239726196855,0
-2.489627337808478,-2.0315309347906734,0
-5.630364057551441,0.20402919070265035,0
0.17457871787400814,-2.7657378577262177,0
-3.4367969470849182,-2.2315632858334298,0
0.31130202003515706,-3.182936925618466,0
-7.294587069698622,-0.0737995905503952,0
-1.6975383788647613,-3.939118996614548,0
0.7805275609647504,-1.8203766723774575,0
-3.1182590133059414,-1.4658470670310129,0
-3.361218596081578,-2.108427431125011,0
2.213455721426625,-1.9514856667496983,0
-2.6427755959323607,-2.0403953363259473,0
1.1812936343102782,-1.569675514990508,0
-2.63374880489,-2.4620548281269716,0
-0.5938129821408329,-1.4047680925378783,0
2.241438604966647,-3.789102710631645,0
0.39749812976992027,-0.7405515940853356,0
-1.7745062817410586,-2.400417412213202,0
0.44017802201156675,-0.8553416196997645,0
1.2298966782139273,-3.096774957757047,0
1.024932488527433,-4.853520862750486,0
-9.451030458728354,-0.393512916048957,0
-3.9218361171398533,-1.4396844233109085,0
2.7050956476706354,-3.3061037553092083,0
0.1686483920461752,-3.6871362956979947,0
-0.5289126193017355,-2.08979827953278,0
-3.2353346327874646,-1.9617233224781676,0
-2.4203920844420965,-2.1032528775823143,0
-1.7715583972206828,-2.8700745102497693,0
-5.0475451713819135,-0.21741614925519315,0
-1.2336904958782768,-3.1789942349369267,0
-4.389051254888559,-2.490484800339417,0
-4.031748533788206,-2.5901193955929713,0
-0.3245074971452966,-1.7222682482486835,0
0.4881929700518288,-1.7608646243899422,0
2.52239335674314,-2.7337383291150967,0
-4.71384859975645,-0.20513040765856871,0
-2.1489523829777943,-1.1060287273313834,0
-3.431197078523306,-2.8096819511400675,0
-7.685080790352276,-1.5750002695606504,0
-1.5071690616014974,-0.5066570040834575,0
-5.034211657594163,-0.4393692295122722,0
-1.5998489393609998,-1.7085915995527066,0
-0.9162371891025554,-1.9875668494386498,0
-1.235457957490524,-2.1241772412819766,0
0.012968810984267165,-1.8750654687988164,0
-2.4661440004677884,-2.6722666849113157,0
-3.956303322997009,-1.0066548894345333,0
-1.5462466738608218,-3.1232403076792785,0
-5.550833887516598,-0.30571785655010664,0
-3.363308234365353,-1.7435222694261823,0
-1.4361774092254405,-2.9087372765275616,0
0.5468146148448128,-1.9841615235546317,0
-5.217013360594886,-0.6040032757252123,0
-2.6617909489946245,-1.7702562212294282,0
-3.391617636833893,-2.509286557119065,0
-2.7220154866374986,-0.49632012840603856,0
-1.1834328126625788,-3.4281779423151924,0
-0.17637215664232575,-0.21782547511135975,0
-3.167099051050796,-1.760003014744151,0
-5.4365934829836,-1.1098589382755735,0
-4.56961449632913,0.16371428027826074,0
-0.050833687061430766,-2.743310804230817,0
0.35386076060055727,-3.1006649968442335,0
-2.9610590120016433,-1.7365456644050232,0
-1.4670937969770055,-2.739284340068213,0
-1.6471866463997504,-1.7552017236112691,0
-2.0491252861923526,-1.2017593195904022,0
-5.8739768066113545,-0.9463726486143391,0
-4.397441138553027,-0.9654570354589986,0
-0.421969974397598,-3.0167754761446837,0
-3.925538569342394,-1.45474111346762,0
-3.669739481703001,0.602340551984188,0
-3.165494046617192,-1.4161344345389586,0
-2.092680476141552,-1.3845090092030752,0
-4.655491112153232,-1.8418962663758847,0
-2.753774944562589,-1.431687872221004,0
-5.839381646282385,1.1090187165400378,0
-1.536196691053961,-2.1517515458005354,0
-0.9755633221593487,-1.6508210128251268,0
-4.477571070568994,-0.5993078368871092,0
-1.2982525436251713,-0.833566126703007,0
-1.2074453958290903,-2.071330551688997,0
-4.293500349585029,-1.9731943732896364,0
-1.4544700749079522,-1.5000429837089675,0
-1.936247117150949,-4.511574456318626,0
-1.478685368807562,-1.8134489609301523,0
-1.3198050090301303,-1.534976395072082,0
-3.543562301824736,-1.409522494750659,0
-1.3501261284190424,-1.2208319752859218,0
-4.283467091084564,-0.9075677073360786,0
-0.008059434006195909,-1.0360799638342792,0
-0.843398978573286,-2.8625569482933013,0
-4.997748952043934,-2.6753350385997123,0
-1.4475510693829998,-1.3430886598449399,0
-2.629538516686088,-2.9318639310824275,0
-1.0546315554714745,-3.0257067775923425,0
-3.1244681903879687,-0.8470570181587795,0
0.3137138836961202,-2.126937189005636,0
0.25969292797323185,-2.6540036551242214,0
-2.5389427179519135,-3.039367593040386,0
-1.4080053617688209,-1.6867237736646965,0
-4.6883311929667615,-0.9663143518855364,0
-3.531999987179939,-0.9494847868623475,0
-2.3304239122161126,-0.7285554326071182,0
-3.0958839105418363,-2.4025476633732614,0
1.1291692875915107,-2.3817534168236927,0
-5.170561683280264,-1.5473739730261518,0
1.191912998340578,-2.523052262158779,0
-2.556724624960622,-1.4965187997400928,0
-5.634445756308619,-2.3523133593181855,0
-3.0512334694389995,-1.0698678543850253,0
1.352214264299584,-2.014153513789795,0
-3.5546638730590954,-3.0776296102623277,0
1.0018466066130571,-2.405214958203937,0
-2.7150252381717133,-1.1216008897097551,0
-5.8606383110241556,-1.3147291927881246,0
-0.26838464285837516,-1.8965293232671017,0
-2.167522711012613,-1.3738674418775634,0
-4.864119221444264,-1.7435273202370691,0
-1.339474809981003,-2.523953303858595,0
-2.802827073140278,-2.6142628618289225,0
4.5314656283015475,-4.544758179832793,0
-1.0759757958090521,-0.07244894017533343,0
-0.7067278670221957,-1.949808114574777,0
0.1611591547714064,-3.9961995477429344,0
-4.054599791854748,-2.6201757074229324,0
-0.8891027457134386,-1.6855670765961859,0
-4.8971864155901645,-0.5530411514266991,0
-5.331807727980034,-0.6272041540455353,0
-3.247349888194575,-3.260353838992068,0
-3.8669781644970067,-1.423185622452018,0
-4.8670695811328,-1.1113025715530505,0
-0.5400434987361533,-1.0572917982004,0
-0.015617189647910923,-3.8696889209963286,0
-4.273925145189825,0.2088580778997562,0
-2.4096752464415934,-0.4066108891128337,0
0.3582365917522683,-2.1039556179476455,0
-3.3737863064517795,-2.843488803538974,0
-3.9729096775728188,0.2847665679314426,0
-3.8344766751793404,-2.3671582085170995,0
0.896215536927476,-3.2229362527862095,0
-4.091863378056964,0.07921264301722131,0
-2.3264152655614447,-1.5924937468317442,0
-4.168388090296105,-1.3885530727029618,0
-0.41910109226649395,-2.6369739512590593,0
2.067798235594986,-2.896410599834366,0
-1.3441379455515499,-1.4187311071980933,0
-2.378048660881379,-3.555209806369629,0
2.4898441681194328,-3.6633755310085307,0
-6.183579561344721,-2.653603711256796,0
-2.5604545977246236,-1.5626905542527783,0
-1.3891159732647305,-3.4633513407368888,0
-4.719006728042816,0.7166961504018907,0
-1.328977885798618,-2.4770996121645306,0
0.7785893135963926,-1.0999419288256675,0
-2.187262240143256,-1.9729837910910764,0
-1.1526870174440709,-1.9552887862025445,0
-2.3704109371359325,-2.077323787514928,0
2.362482159011255,-2.2135268097009173,0
0.027631093329327783,-0.11674069320840319,0
-2.813910723410093,-2.421368984745829,0
-0.8383276065988428,-1.5152099995835937,0
-0.7098382103256293,-3.6642488413615,0
-0.06579123216214722,-1.7293481636672374,0
-1.3560014836456817,-2.52474523820024,0
-5.8015018884171345,-2.32062145054741,0
-1.8180594544632052,-2.8166449068186807,0
-0.655155461568417,-2.4864060476163616,0
-2.528262853161608,-1.4512240268016505,0
-0.18609442321334502,-3.034384900625552,0
1.2358942565018838,0.4598855970558695,0
1.1559960779791858,-4.148560564813139,0
-5.413780509126516,-2.18370098805711,0
-4.503458645383147,-1.717538502022495,0
-1.4131268916877042,-1.5252909700876325,0
-3.337670221739409,-2.3833906213460763,0
-4.381002773578561,-1.6110037425370067,0
-0.14918709398409535,-2.5710008749266,0
-0.9560544086179181,-1.6931241516663875,0
-3.021418289444598,-3.146868034128072,0
-2.430037738536993,-0.8516052864650705,0
0.6668710594993046,-1.6479753308670277,0
-0.5884450669860011,-1.9886381798680794,0
-1.814094830140041,-2.647846280190005,0
-3.0648874885652124,-2.893450631249765,0
-1.6705852589514443,-1.1391543931640464,0
-0.2713662475895511,-2.498655862671867,0
-0.23679214447543395,-2.925536411675182,0
-0.9547454086429807,-3.1335864602683063,0
1.6120615680044734,-1.902656531268553,0
-0.33970776588852436,-2.5004025020593206,0
-3.8689559704633663,-0.7300450041781679,0
-4.217516871538656,-1.3327710641348536,0
-4.6607250027285865,-0.8812515183243632,0
-2.247660969697939,-3.255152187463805,0
-2.271151131438958,-2.4009170103121233,0
0.17936628036671642,-2.760009255208615,0
-5.481734013383868,-0.879226048615348,0
-4.34357327741478,-1.0143204918359414,0
-2.8475722875845406,-2.2635491620165142,0
-3.002038515968484,-2.2376823686622473,0
-2.9633868474822354,-3.1697498720667916,0
-1.8713102353447442,-2.541965929904399,0
-2.628000565824051,-3.286151204256275,0
-4.708570353542829,-1.9558913723562665,0
1.996342484724956,-2.9825565386229242,0
-1.6542321379003815,-0.37926939681623995,0
-4.30187532829785,-0.11323005121474727,0
-2.0157707914355827,-2.1990348027401114,0
-3.5683960288774506,-2.0427622335355196,0
-5.111202377839066,-2.043881369196865,0
-5.771643139624268,0.7480850503765426,0
-1.9792451597528657,-1.9736842658846379,0
-1.1556987957515346,-2.8452444651650053,0
0.9976384833524756,-1.7206675642492484,0
3.7965065521403476,-4.530462025508142,0
-2.8037044927797456,-1.0811723424082063,0
-0.3273022566302186,-2.471958181859315,0
-5.9195634428604444,-0.40803516793548034,0
-3.1716979219393187,-1.4841209354537594,0
-0.8656639618491759,-1.6161963606418952,0
-3.769261579360607,-1.4321541962831275,0
2.1770719056112533,-2.5211877920019483,0
-3.6689492242749226,-1.3348191837815202,0
2.2854788718636154,-1.4936687186392006,0
-3.328118930230648,-0.6223321112410132,0
-1.7071441422217402,-1.772108930885925,0
-4.247153410785591,-0.07466710248586761,0
-0.8129723624518834,-2.55796684615646,0
-5.196794778055194,-0.4130251070461375,0
-3.905812339873312,-1.56043632048957,0
-2.48720262338235,-0.8658391243968024,0
-3.5937272171092127,-2.0761122238353895,0
-1.1276691345313732,-3.4569812538583213,0
0.5922391390629969,-2.4100348169364936,0
-5.779092169664101,-1.8551295706902033,0
0.08159949009404066,-2.2805536074432826,0
-4.401778916468723,-1.796046734548552,0
-5.057157082999138,-0.3789845797088278,0
-2.5636069505794516,-2.656888326025449,0
-3.8825200688008605,-1.3677059603676625,0
-0.19597236173623278,-3.309060323498816,0
-0.09232697016072922,-2.589461167645786,0
-1.6510700743469628,-2.453834312494429,0
-2.389183473886227,-0.30333074531296433,0
-1.2419850933071324,-1.51175655769006,0
0.1711378509924275,-0.7977436551916293,0
-3.8796612574035025,-1.6378146925368178,0
-3.572352978611047,-1.752677294684836,0
-1.2338858476024288,-1.5440369233748816,0
0.050964214300578625,-1.9714048412379177,0
-4.51282719145931,-0.6662076012497931,0
-2.6327575639143377,-0.6164159993382783,0
-2.1907942780748013,-0.4671738769148859,0
-1.5603604132010471,-0.9353452619990188,0
-6.002404550463044,-0.15490618376545706,0
-0.677943628948773,-1.1855891179766367,0
-2.900894465556767,-1.9095041948600773,0
-1.3508302156797494,-1.4843793910871335,0
0.9930544264302448,-1.9405880248926755,0
1.743720374466268,-2.4160490134478234,0
-3.244543415075065,-2.4262867880825048,0
-1.1925664988696176,-3.126892953440972,0
0.44103478826382414,-3.194327216562458,0
-2.4062291817918733,-2.092099479117453,0
-1.8487438065783692,-3.3162859806237,0
-1.2754730805076242,-0.7163111833852536,0
-2.860703377259682,-2.5246954198396403,0
-1.3733968541629609,-0.6958070324088099,0
-3.612721224735061,-0.43328476250437165,0
-2.3483226357550366,-1.2029212115109456,0
-2.805816355420998,0.0472247057897639,0
-4.231731193116011,-2.0654236714638414,0
-4.302309127658175,-2.0890610905757736,0
-0.953596968378364,-2.559561395671267,0
-0.6811401981233549,-2.4315868570588433,0
-2.857206066017959,-1.8472299733407775,0
-1.3103369411867758,-0.8952132741264787,0
-0.6723691695313654,-1.7913567475355556,0
-4.525396627282058,-2.2039715926433274,0
-1.1458025400883383,-3.385455086357023,0
-1.8284277571970315,-0.3048191225071708,0
-2.7080596771314225,-1.124397265573832,0
-4.062913043741144,-1.3349835612847853,0
-1.7829921886164475,-2.904645583665676,0
-2.0369897764460174,-2.2376614554624794,0
-2.6897460073450103,-2.0968781936059075,0
-2.2131259789067945,-0.6443818616695922,0
-1.9729245208299993,-1.8785103111559909,0
-2.8621225934807693,-2.6084971152955516,0
-2.569453087970812,-1.4611190775823046,0
-1.614044677795379,-1.011327037226534,0
-2.3826006045515618,-1.6560924578602738,0
-5.504538161140814,-0.9729547801255618,0
0.11007581088746976,-2.428443654212001,0
-1.6737242555743133,-0.5090934915195018,0
-6.592868579539906,-0.06502455612503066,0
-0.1796944933836815,-2.075773528194878,0
-1.1552876023505256,-1.9901045117301326,0
-0.9052530546848918,-3.264762013268165,0
-5.415271813319993,-1.674133777971885,0
-0.7419439038800737,-0.42943810085310075,0
-3.4325499740168293,-1.4071423713988014,0
-3.0386656847301525,-1.4177085194433081,0
-3.772003227856578,-0.4549999455619975,0
-4.93605825386101,-1.1531462950192009,0
0.5109445165902153,-1.7223367791722395,0
0.39784654567572586,-1.3093186519333764,0
-2.383644825699649,-1.2568990271646814,0
2.263471554278098,-2.6517892393701383,0
-3.141511559109988,-1.6589486939777753,0
-1.687503518853225,-3.6090026811393243,0
-5.541435802679258,-1.3634157259042357,0
-4.532316604010247,-0.6683452216207257,0
-1.19515670914154,-1.6786170957564261,0
-2.1604899531132635,-2.6484392774058145,0
0.5317171663877791,-3.220172008203872,0
1.5082841660185684,-3.6563969103110017,0
-0.5286446996361063,-1.067964120115961,0
0.20960610266698243,-1.8932434176969175,0
-1.1758990866161256,-2.075264300414834,0
-0.39851545752646533,-3.1826474806426157,0
-3.472518870955546,-2.2838992557731843,0
-4.0288862400314995,-0.8133606952789865,0
-3.7863554009518072,-1.3859436088268424,0
-1.1995248686361817,-0.9619155191224529,0
-1.059759497973749,-2.2989216310902556,0
-1.5627082221087516,-1.3337475985639067,0
-3.0849065504804574,-2.9760501994109303,0
-5.742401531801063,-2.456490418799429,0
-3.808189901152994,-1.1577191871735868,0
0.8731518309614019,-3.6745173275642857,0
-0.1603693648077802,-2.998077769871128,0
-2.1599844255419174,-1.1633983872793832,0
-4.748920002194147,-0.938358648048492,0
-3.3364355985826046,-0.7901820866299614,0
2.6495300046122994,-3.6780129837046833,0
-1.782816523605496,-1.4066017830914,0
1.273739762752959,-3.369051232974157,0
-1.4648407705848059,-3.2727748031221973,0
-4.589706086127347,-1.2870804329734429,0
-1.6354286597033143,-2.259057287046157,0
-3.715546493462594,0.3641504611421418,0
-1.3895517204855887,-1.304974786472245,0
-4.170177115198509,-0.981467024044727,0
-5.040267475596769,-2.4571787786687196,0
-0.7946720515692647,-2.178953790901318,0
-0.5731478056716766,-2.8818983885547667,0
-4.253603733842112,-1.4033310839729114,0
-0.012274274837297483,-1.6870501704350647,0
1.2273228922203092,-2.80012861410824,0
2.8805653341623865,-1.818814718686503,0
-5.708560707559983,-0.577475899048804,0
-2.954335240934467,-1.5983909007169093,0
0.6005637563526887,-3.9322847732239294,0
-3.8184611954643626,0.15703494059869616,0
-2.0314661153506584,-2.960207791774769,0
-5.427136074105769,-2.3836988515820723,0
-3.4832867977011004,-0.22335156949477541,0
-2.0879783329313373,-0.010164425598808258,0
-4.923953424455821,-1.0971651976429508,0
-0.21785410817613582,-2.8594337860096455,0
-3.6171828351421724,-2.168378728683336,0
-3.7051163420597573,-0.03226302549667848,0
-5.207935376038407,-1.2470209228826796,0
-1.8198461197059523,-2.4815191102489225,0
-2.007565054062301,-1.6563674807126998,0
-0.1592849984104423,-1.78724010213327,0
-5.1006410118998495,-0.7721041770412163,0
-5.278455610941249,-1.7392465146094072,0
0.6778063735369995,-2.9590379781028844,0
-2.8389042569238483,-2.346251530440921,0
-0.5659522019261363,-2.3004498873342376,0
-1.700807938534347,-2.5281694800701127,0
-4.4811873562679105,-2.728769390938207,0
-2.990749631966036,0.03716853795863084,0
2.9178790003911077,-4.729529191920655,0
0.4427945626758354,-2.073687317648767,0
0.8104005277593753,-1.163932257404584,0
-2.739373356145921,-1.6775893886048445,0
-3.2596928435463304,-1.8092697761424728,0
-2.0422494060769614,-0.7783675762617028,0
-4.871616183865497,-0.591685793211012,0
-4.114357294868753,-0.9570463702442393,0
-0.3177127102456858,-2.284211318506692,0
0.07934884586831181,-2.0235780616456123,0
-2.262385523905742,-0.8785710794057786,0
-0.1410928351658245,-1.6811783967802783,0
1.4634319097228339,-2.3154045473560454,0
1.1195725235723977,-3.5707413310741947,0
1.2511056439284576,-3.299022763224568,0
-5.91989321323843,-0.48751055896254525,0
0.5285915263504433,-2.859053509944382,0
-2.776247334103096,-1.6562726518227107,0
-0.8903672064428501,-2.8223169428018005,0
2.828813984036115,-3.4920221360264163,0
-4.822858106208333,-1.3144226038715148,0
-1.087502897310434,-1.4609771496061792,0
-2.237002767436647,-1.3876036356336876,0
-3.3029349907749315,-2.93348732354456,0
-1.9027986513382849,-2.613882444971707,0
-3.7655717607320787,-2.7880850251495066,0
-0.28451262484163165,-3.0477464416249926,0
-1.5319459901303971,-1.1112267940562632,0
-4.149497668605896,-2.8403350700848398,0
-0.6682171713962732,-2.062115397852227,0
-1.8569428674394879,-2.668792456741129,0
-5.725432752377159,-3.111063223391893,0
-0.46290464336098247,-1.509586808274962,0
-1.0367984433602466,-1.799094765811545,0
2.0438093509686057,-3.6268058513719503,0
-4.795538479752652,-2.2336211099709535,0
-3.9613501107212983,-2.6468794124131496,0
-1.2130337335885488,-1.26828310781038,0
-0.7575807924475242,-3.3917700159971975,0
0.20308843509230945,-2.726302811863463,0
-2.314992701985185,-1.8227658441285763,0
-3.990321645549061,-1.3399712163015556,0
-0.8423735010247158,-0.11318475601572286,0
-2.1330019474742468,-3.46816999984544,0
-2.6688328688585647,-0.5246162451599576,0
1.245858764279824,-2.895112111641925,0
-2.725568369835897,-0.86725717926271,0
-0.7543992652360441,-2.5739818511846657,0
3.3608353789279066,-2.421306789892917,0
-4.906105558418435,-0.7563481192841697,0
1.4213327212325133,-2.3106813523446865,0
1.9791193311781612,-1.3630809856108093,0
0.04376731790368371,-2.534033656884308,0
-2.3060917830287493,-1.827116771607729,0
-6.678927463341009,0.28819117925392623,0
1.111857586065856,-1.6342882621819321,0
-0.010621070051609616,-1.5680355917027304,0
-3.3690032944432584,-2.4264202456028614,0
-4.91692282058738,-3.047233241167759,0
-5.245106936965966,-0.8993069432206395,0
-1.252504390643904,-0.386300084667369,0
-3.4294035769859903,-2.14906472836642,0
-0.6647090419208534,-3.2264286528175328,0
1.8408731116466264,-2.772704406444724,0
-1.805012468850656,-2.389543217738296,0
-5.578037044770545,-2.536912550987968,0
0.13631147977065572,-1.4857184386699374,0
-5.312153469186162,-0.4072961906012651,0
2.9751746561925803,-3.756532917816318,0
1.3046917732007612,-2.8689904605243526,0
-0.8604460682227084,-1.332385840714153,0
-0.6892402006380745,-2.3873880802713874,0
1.5772796513932898,-3.6497817750180284,0
1.9964121403128723,-2.375641760680368,0
-4.136192176958586,-1.2771860620358733,0
0.20746943157122688,-2.8050537301745386,0
-4.2712618922146195,-0.20071133349962933,0
1.7492996174638868,-2.091446863809366,0
-3.8461044223148546,-2.2797456814493833,0
2.8787498559971425,-1.9939577079059365,0
-2.637921051682718,-1.6424042425429413,0
-2.7686019027730397,-1.1869281014139788,0
-1.6144197067176798,-3.072034978156828,0
-6.2560820143734155,0.5379126740915616,0
-2.72011744856466,-0.845680942000063,0
-3.5049309064177026,-2.3920129409191646,0
1.0631840407866608,-3.5147499041964347,0
3.1347751690984325,-2.147864167398036,0
-1.3134091088511641,-1.158585217043231,0
-1.9751468202090698,-3.0647456198906458,0
-2.200095859281397,-1.555615436657385,0
-2.6488497580708303,-1.9461760210328234,0
0.14364912161017873,-3.8759639990409136,0
-4.707017457375751,-1.5339312411625516,0
-1.8618681467908453,-1.7638933823020473,0
-2.9719969671649396,-1.8814270706940068,0
-1.1340124346049785,-3.960958611748153,0
-1.1701688951418077,-1.8313335117782679,0
-1.997422078637553,-1.8140625157088404,0
-3.140545528271238,-0.5255530484389848,0
-1.6338788877473602,-4.421975593578525,0
-0.32929760750745674,-2.412765901779106,0
-2.652924976436436,-2.935763274885456,0
-0.9906168188228526,-1.6561190210071342,0
-0.30423489010499405,-2.0863450706144917,0
-2.487075303842399,-2.212634837684817,0
-1.1777138233771192,-2.374986032622904,0
-4.512666232076506,0.47476782794358385,0
-1.641471156095065,-1.736237415065407,0
-1.3342359376799395,-3.388506434766426,0
-2.098307932976451,-1.8283211539725408,0
0.12171030692385498,-2.4035086941553696,0
-2.9935858769433823,-2.1589389519061704,0
-4.227370848047744,-1.2738030313115187,0
-0.02772036632251207,-2.3379456442444777,0
-5.140968337521095,-0.9610367690212442,0
-1.595090168107117,-2.63068960141592,0
-4.179541809992905,-2.5287376417434806,0
-4.013875139292914,-1.4757429093806462,0
-6.010995884512525,-0.9417553371887402,0
0.17416221517744734,-1.5009437962369319,0
-2.2595864949657107,-2.180788004768848,0
-6.486643113833693,-1.3621563810195454,0
-0.5467546160188177,-0.939901601912916,0
2.7390678757490896,-0.9519564091147923,0
-2.317328835819224,-2.2628429186652976,0
-3.3753080079565168,-1.5504354850258188,0
2.0083905803443427,-1.799528611910913,0
-1.63469377518284,-2.0961958392899716,0
-0.8466747426713663,-2.125731730699142,0
-4.471037865641379,-2.5835803756478786,0
-0.6759117097018521,-1.420631801858653,0
-1.4829721651360286,-2.5238048268005033,0
-3.47133961044286,-3.5349678871154397,0
-1.7461356970322346,0.014431970926506832,0
-2.4197841632145085,-0.7291811600150273,0
-0.5171796994042188,-1.9160324861072684,0
-0.9933214507058672,-1.910433049112164,0
2.232903301672879,-1.0211329094088926,0
-2.2951869429186442,-2.65588978380138,0
-3.7981673686370465,-1.9359084276617073,0
-1.4092981075499684,-2.7863209174051,0
-2.767130412197842,-1.9644725294153351,0
-2.662333046031105,-1.6859772141385219,0
-1.0131482057941357,-2.5425667253517465,0
-2.468498203657341,-1.3902542347211408,0
-1.1390800436058077,-2.278663847549048,0
-3.58201485451122,-0.7389015383083639,0
-0.5867732203392753,-1.4205150142304885,0
1.2097718654360023,-2.31678114917947,0
-4.493238756669119,-3.0876018787816153,0
1.270911174368714,-3.5454152905777234,0
0.012924064455480888,-2.790552976434435,0
-0.3233755467660806,-3.1349825336921446,0
-3.8006166515885345,-0.893668097833427,0
-2.973333307626495,-2.709501443388328,0
-0.5675027731954039,-2.901602800704089,0
1.5596359376200035,-3.2771447236353213,0
-0.13303177411871836,-0.525261606705979,0
0.19237921179344974,-2.18177617806809,0
-1.051408918395533,-3.422993505833606,0
-1.0022286598869834,-2.882791341771692,0
-1.3375855873815508,-1.8155363725656715,0
0.2558590948020769,-2.606418677799552,0
-1.327883671958687,-1.726753726061589,0
0.22001196637584197,-3.5442354032610344,0
-6.040321859647613,-0.49932312266594625,0
-0.14038203352318024,-2.775733681146971,0
-3.856251867637492,-1.8729175198526908,0
-6.283057539906228,-2.5757609552076164,0
-2.9727953061052137,-2.2435493895167977,0
-2.624826157340495,-2.421652979783918,0
-3.13088531343148,-0.8316289842771072,0
0.8110963651277232,-3.5096545937795254,0
-5.9833966030393775,-0.9784357784741136,0
-5.083250468917873,-1.8063935829740023,0
-3.9655122079154097,-1.499522348832776,0
-1.4985464661593226,-2.7794513612177836,0
-3.942136342886306,-1.960266792174623,0
-0.08873862955269307,-1.1293047510324148,0
-3.2296281549046246,-0.3239497263303064,0
-0.47929457686205534,-3.6632397117575617,0
0.6199733995684555,-2.5380719291366782,0
-1.4727338556317244,-0.7431908924995401,0
-3.895241094916094,-1.5949425193767022,0
-4.616594140293577,-2.886184586220121,0
-5.041326678586953,-1.7256610258258522,0
1.0565492565045416,-2.9156284783332325,0
-1.6714280444895626,-1.0376630663164228,0
-0.12339273693408215,-2.9816356383873526,0
-5.226645164462457,-3.2450397666536706,0
1.1002190381226216,-2.88515402600786,0
-1.371508940816216,-2.791579948581323,0
0.5589574082003992,-1.7327131082547957,0
-2.516892005160024,-2.424256911670875,0
3.7861300107030162,-1.8500030843908977,0
-0.917826665611893,-2.9350229620442643,0
0.17110192371345967,-3.5475396728879858,0
-3.925759536282138,-1.6960985374434805,0
-3.808906749292994,-1.6790932679746438,0
0.7641797934880179,-4.284583313652366,0
-4.0801583280315015,-1.8310031113140417,0
-3.727533033827674,-1.9131129842571997,0
-1.5212940295636694,-2.6407499644094132,0
-1.1981177383573198,-2.5364915987150893,0
-4.692257690520588,-1.0924628872148752,0
-5.430296181762661,-0.8243419634409554,0
-3.6935117664337938,-1.6487226413030351,0
-1.317576295160436,-3.1221110447001084,0
-1.254805329893677,-1.4738564593759658,0
0.3247082504249956,-3.6554626548988383,0
-4.06888493938815,-1.4575206767087,0
-1.681247382679052,-1.2397548193272294,0
-4.94852421317349,-0.2790535055687997,0
-2.2857706760038368,-1.300618430840803,0
-2.93507655146406,-1.4781271529972493,0
-3.03789880291388,-1.7293491424394534,0
-0.31873391235702075,-2.4991930663698887,0
-1.9205533694696812,-3.5647101463713358,0
-4.2977309621712365,-0.2825796345726732,0
-3.595803552289403,-1.5679944242847204,0
-1.5131418097246865,-3.062725940145199,0
-2.0757516153274413,-1.1643912644427492,0
-2.9796300995752043,-1.3360787150408178,0
-3.012467587490683,-1.7791443512510503,0
-5.475225382860928,-1.906899475322016,0
-0.9272077152329685,-2.292820342762993,0
-1.6231303229304996,-4.575916442727497,0
-3.811964880001688,-1.5779521586732101,0
-0.5276503985287428,-3.877242510714619,0
-3.5809172207591424,-1.7477575250592738,0
-0.8814472831419264,-3.525403870992673,0
3.06259183097849,-3.23754557976548,0
-4.897721864867629,-2.142375735253336,0
-5.842065477513055,-0.5645022821265795,0
-7.6574320168395555,-0.3332215425841354,0
0.3955757062033314,-1.665828418642507,0
-5.456538544041863,-1.005517131649009,0
-0.9529966852666105,-2.3106343143073644,0
-1.3599597665888254,-1.8907799604393076,0
-3.506574394487666,-2.2600489759045326,0
-2.138027642229847,-1.994938659246041,0
-4.263144494864699,-1.3809735973383828,0
-3.9383723342152197,-2.8240462123438164,0
-1.269664734265831,-2.7033298149970335,0
0.2314564398435559,-1.6809508502023958,0
-3.3365836978574497,-1.4545844118036722,0
-2.5532887966365094,-1.6351150943653903,0
-2.559406956006377,-2.7990203253021537,0
1.7744854483265362,-1.5457530051073958,0
-3.2348223065281694,-3.0162213622677547,0
0.7822950390152972,-3.003143788960125,0
-4.792892733818322,-2.1244514328263797,0
0.7808323304914251,-3.9773442867049122,0
-6.286896264221511,-0.8988352300095483,0
-0.6352627924889687,-1.0403851833819848,0
-3.5361632876384457,-2.414971181459647,0
-1.8906479474634905,-2.6960439842934996,0
-4.527131992419682,-0.6546741888443901,0
-3.4695356740541206,-1.2276627413724157,0
-3.9686143875909425,-2.3550302655260387,0
-4.695697283512578,-2.1638006456388963,0
-5.5540833949586235,-2.074567064231661,0
-2.112114883582282,-1.3092545707851964,0
-4.617737524464321,-0.559968524502966,0
-0.814957980033753,-2.2881004005139527,0
-2.1223553175503653,0.5600482608575184,0
-1.9435563456032197,-1.4685819640561923,0
-3.4958971582269154,-1.7025081810532838,0
-6.900412949420675,-2.2264021980314235,0
0.5012858887657377,-3.0132539565454834,0
-0.007642122947358221,-2.123234272567852,0
-2.3849181549043577,-2.3533734646158058,0
-3.592386135130414,-1.9634694622920665,0
-2.4759645161092703,-2.4539926193231403,0
-1.0868830485095995,-2.9393156997550034,0
-7.865509466891866,-0.1607870056819254,0
-2.5958617200704075,-2.196429054203515,0
0.3565067680408478,-3.984918757238746,0
0.21521934165484646,-5.4620811745124795,0
-2.959120344651339,-1.5398782337259882,0
-0.06552908697823434,-3.5043522871184933,0
-3.7781342791887607,-1.5864621133832453,0
-4.673616056617466,-2.2118376530611896,0
0.781322535066951,-2.145133765457091,0
-2.6572155075456556,-2.9893124657046424,0
2.4831127899212877,-1.9832046556827587,0
-3.9750819087300107,-1.07078373801604,0
-5.32835746980275,-1.2138109902401473,0
-2.3921835396820184,-1.0637398677581973,0
-1.3883354354060173,-2.13512760250778,0
-1.4759533022625149,-1.6003200967938693,0
1.369419726978553,-3.6687431424275516,0
2.770116032662914,-2.9516013809486292,0
-3.214984235789887,-2.0943146383657485,0
4.503313796568164,-3.788504977681063,0
-2.0718349342382103,-2.8158074600426297,0
-1.662248634317955,-2.862470807229976,0
-2.154962712561297,-3.1071117307267633,0
0.31230610964742667,-2.110245451989276,0
0.40028003034383763,-1.9727070576207062,0
-2.4552792211044343,-2.4340806563198867,0
-5.097901636496851,-2.127029919636155,0
-3.9588782083288665,0.18307615635296237,0
-0.5037912112880705,-2.944226836230383,0
-2.5271234699119978,-3.612140827394213,0
-3.628472556136496,-2.590399168641829,0
-2.1662058022048325,-3.090407938034315,0
-4.176624592878376,-1.828937232571644,0
-3.7009607267241105,-1.884678567022141,0
-1.6533596718567676,-0.920151187998314,0
-2.6571965639447095,-2.654606199728717,0
-1.9341654868742713,-3.030869314232293,0
-4.061310175435352,-3.0274978102588785,0
0.21629794833238858,-2.3223565626347953,0
-1.8312536158018693,-1.7162738690984283,0
-2.7021245411726884,-1.2244599664826394,0
-3.672274710354987,-2.7812526164733535,0
-3.257965422044178,-1.5713507902961232,0
-3.6631067572172373,-1.824105055306502,0
-1.0350290568011893,-0.6534519215854013,0
0.9951899274342346,-2.702818808912328,0
-2.6265116328216833,-2.0502324636719838,0
-2.4293124197033342,-1.6204473347959025,0
-5.475736423835989,-0.9984046001782367,0
-3.996387308111713,-1.7807808255031632,0
-2.792006844050184,-2.4819341786087468,0
-0.5702183975932398,-1.3712309176709627,0
-1.6686552430427983,-1.2260508187514696,0
-1.079708773376018,-2.7847436490690147,0
2.1722556649235134,-3.7277199735979334,0
1.0144079806399415,-4.9390406364330115,0
-1.9954026546087764,-2.9003694744528135,0
-1.2692324556828207,-2.257928880741561,0
-3.1701275112085248,-2.1909764229677657,0
-2.836765893067205,-0.16625552060102722,0
0.8496790593560379,-2.362068215020061,0
-0.26662293212221977,-3.8948360812340006,0
-0.9275178851538317,-3.066868885576249,0
-1.9605698643542153,-1.7583251802693902,0
-2.903320230002,-2.350503994335396,0
-3.1338511338551185,-1.3017229207847563,0
-1.5425976059328035,-2.03797951017509,0
-2.1655790551696175,-2.58244414060991,0
-2.0063624729023584,-2.119980628353685,0
-2.8309087168033376,-1.5411216936472925,0
1.4018140979541966,-2.8062782291504593,0
-4.053872334126403,-0.9303504290887072,0
-2.1744654012206817,-1.7549071987109914,0
-7.926610043375222,-2.7112736466525895,0
-2.9662193970540587,-2.114079585521028,0
-4.881206327256388,-0.9384643942333322,0
-0.7225875871681606,-2.2203338077905874,0
0.7219980462910351,-2.545885800592858,0
-5.675226135176235,-1.2861259988765286,0
0.0375777494127556,-0.5593665302558191,0
-4.243456755881992,-0.7155639701694405,0
2.0349483163464672,-2.9124993111722337,0
-3.199506658302367,-2.1340807296327875,0
-0.43042254706749916,-1.376023956963028,0
-2.2635697994715755,-1.2609771001294676,0
1.051390512824347,-3.5113255263934042,0
-1.5619311171871813,-1.810307877645947,0
-2.6887292265026583,-2.990326643686763,0
-3.2995716018915444,-1.2612451737958397,0
-1.757899985479715,-2.706010853626812,0
-0.23432353546132378,-2.7327981431292523,0
-2.163710430924936,-2.0383527242002724,0
-0.4567265013357069,-2.378937539839141,0
-1.4877905775452152,-2.0585894495678985,0
-3.5507422195054286,-2.2097720634378377,0
-7.177450194671384,-1.5576047290493782,0
-1.7176790050483093,-2.843051406628881,0
-1.3525429652766334,-2.4944774886204057,0
-4.960977322443567,-0.7855968645953815,0
3.2132314603141703,-3.15862256511709,0
-3.121274910934455,-1.5901648122937106,0
-4.005263726153831,-2.6013543572096944,0
-2.7684650248933016,-3.3235348636442392,0
-3.5913964374057064,-1.2308024548927226,0
-1.6377895518545271,-2.517316780022103,0
-3.6625537776582187,-1.7755610858769266,0
-3.3094899661242865,-2.342364394826202,0
-5.071280511064824,-1.4607892553192998,0
-0.9062437450120424,-4.074132342331314,0
-1.5936565003865992,-2.5109786362604947,0
-5.9215452240070094,-1.4056868952338604,0
0.581237019531077,-3.7266011476710346,0
-2.165679215407626,-3.1641745444415115,0
-3.2229704740659963,-1.8065271635378952,0
0.1581106500768299,-2.1167259251977755,0
-0.9455661663468891,-1.4716804231166702,0
-6.926902447290103,-1.0167527871439108,0
0.4494289753761196,-2.041249311310366,0
-8.452599212077509,-0.9674257608276418,0
-2.3695934463941883,-2.8667449009870705,0
-0.45401677101586735,-2.5670132793623925,0
2.165715669908881,-3.1711995468315033,0
1.7618982237556269,-2.055518204641574,0
-2.8520365045005334,-1.7768898541241285,0
-4.474202889420905,-2.3119867131291256,0
-3.613093378928244,-1.8938925344622795,0
-0.7029654335540825,-2.534787838362076,0
-0.04193144001526661,-2.472664010399721,0
0.028684880739541452,-3.82176385042508,0
-1.9289967851953047,-2.0981815962458725,0
-1.5776883888602034,-0.938236293005521,0
-1.4433755592133286,-1.6151623300264084,0
-3.3621797077978406,-1.3654168675816298,0
-3.915941560643029,-1.545985246909554,0
-1.3640992923935933,-1.9052840028764453,0
-4.965554186787305,-0.2859590142922359,0
1.6783814331873748,-3.2490641941967975,0
-1.9539225679004275,-2.298877283483428,0
-2.160762907500482,-1.1627644058449356,0
0.09840366028921332,-2.3442081467827145,0
-0.5926131386581954,-2.1654976521042593,0
-0.5340800243943367,-2.2335409274686846,0
-4.771020590161353,-1.0978844607466196,0
-1.6822751480829485,-1.5091614735844923,0
0.7613356692021815,-3.354365328470285,0
-4.888722528323046,-0.7213084563244498,0
-1.3244229588894298,-2.135680967066256,0
-4.971544678692362,-1.3281014914545617,0
-6.42819994486946,1.4335028398251346,0
-2.399659510129056,-1.8397554209546627,0
-5.093248086501644,-1.3478313651747182,0
-2.9261537391502563,-1.4696519690192404,0
-1.5219460350275305,-2.440620069276908,0
0.17464998648597918,-1.9163430580515346,0
-2.6373582154629682,-1.837496550737366,0
-1.0838494436734274,-0.7690447662238951,0
2.9979029147315925,3.29282234681734,1
0.39304349524726523,0.5596747521512977,1
1.1743650291250116,2.7919830562206656,1
3.409351500306215,1.97770721492833,1
1.17808152009935,2.9542228112423423,1
0.12037068260259987,2.7175701332469933,1
1.3752473898294224,2.637620080335645,1
0.33141878260710644,2.1014993929334755,1
2.74514798454748,2.2171611324672664,1
-4.269547271980269,2.306491373141795,1
0.9261145061031306,3.559529873404799,1
2.9897801739130347,0.3671741632471095,1
3.6982660270451406,3.348711740301846,1
4.775875892508976,1.3632643947732028,1
3.603865759801039,1.2709811145710157,1
1.7117691513837208,0.2495773168631379,1
-0.9551816436473315,3.1762771167169546,1
2.9664292770638707,-0.0483447440805409,1
1.0382576151190959,1.5433740557404496,1
1.6549189944300304,1.9114612306174719,1
2.920213434014447,2.1334369518990646,1
-0.046343016896085665,2.5815128561763045,1
0.7153060391577457,0.6151225347267388,1
-2.7235487175456647,1.7643301131852183,1
1.4461703647628115,1.3382614161549697,1
3.47019168688777,3.018320155129349,1
2.446148551164524,2.096696785180701,1
3.224084966660457,2.462254144988647,1
5.356077254057112,1.0430226403298695,1
-0.007276786341389396,-0.5823457827062635,1
2.1419025492032735,1.9785653819768414,1
4.995367067291938,0.9911746203091891,1
2.5641141914332253,1.5659339338427969,1
3.1967040866470198,1.1610947275042034,1
3.4830857091726735,2.360916035691864,1
2.8127342618275977,1.348085342941133,1
3.8959763608120994,0.47643557200672637,1
0.32785666705396665,2.0258963573425812,1
0.286382444830777,2.578130154130365,1
2.9252179362847923,1.29727165113916,1
2.9265583735635943,1.6211427417162145,1
0.05053172415956242,3.009111448344318,1
2.6214121587014056,2.160844325779668,1
1.0557652851748052,2.8282469803616763,1
2.210170207461678,3.2349790214394414,1
-0.9986268133147989,2.486382406834324,1
1.8831017239658216,4.349860782179328,1
5.065200570870859,1.706300451448195,1
4.288979967547782,1.0757737600070283,1
2.544427283904768,2.1635709147060624,1
3.367727258856796,2.3566970308711745,1
3.128394893030608,1.1332424532324565,1
-3.723707510277502,3.6572867454466618,1
3.341578911228056,2.639318609363976,1
0.5299619389539676,2.109685095879128,1
4.050964416582458,2.4236487074388733,1
-2.071704429984157,5.007575957727486,1
5.595172744207979,1.0458403304840864,1
4.121896374161851,0.7766241497126161,1
5.29786157873331,0.12354431385376996,1
4.176946232374326,1.2035088051752538,1
0.21975531992805308,3.1240844623625277,1
2.609045414220442,2.2508355733456806,1
5.339327739424583,1.7927604112038416,1
2.7577459288672457,3.1899199585475055,1
0.6671830953948004,2.994060868704542,1
2.608273535557801,1.9696482367308057,1
1.309822185642409,2.8249868723769205,1
1.7111955338299152,2.6246921462008177,1
4.833156056137547,1.7982015004707383,1
-0.6798072671574742,0.9928953101388536,1
-1.2720331989812323,2.867640019285176,1
0.22830950167344977,0.5525228157427935,1
-2.3454018892048722,2.331697583041377,1
0.597817387408162,1.3966802553520345,1
-0.6889264837905413,2.6096165641638334,1
5.401041639587456,1.2359655567346288,1
3.959097462596108,1.9973441279004385,1
3.097335992215733,0.942040162627833,1
-4.203883507607992,2.9668423622534323,1
2.0022783618693496,2.726623245474853,1
0.8441292281600379,1.239403695897007,1
1.397705458105484,2.9582976139243944,1
-0.8946350127446969,2.3403846177875374,1
1.4123804027407771,0.4937849734822084,1
2.86283451320377,1.018796929058367,1
1.2101824303492377,1.54826082346051,1
4.350269931762243,0.7539019384378267,1
4.871055807022475,1.1693695007711753,1
0.4318239187943793,1.0986698686096508,1
5.011239265744498,-0.7025548111847035,1
5.289308125797802,1.0466763326347972,1
3.1329296185886495,0.795246086659267,1
0.7457685337020492,1.8551683400508274,1
0.29923417608972613,2.1540564063725833,1
3.7996971024368014,1.1377469716932922,1
-0.6410671082681887,2.251515342063316,1
2.0084938225692763,2.2355387178738595,1
5.031306770193843,0.8246370681317903,1
3.262764659851041,1.1946279488165468,1
5.098539614159126,0.6989327416097642,1
2.325760108155484,2.310971307647483,1
5.419442180306778,0.6913770437685769,1
5.704700990578795,0.303989778519975,1
-0.03132799018651111,2.940685408927954,1
2.1289634117145337,1.8589716035311152,1
4.749091622415631,1.9598660899411027,1
-1.4347093932364698,1.2786929855401725,1
2.2688605765246597,3.4141113419485976,1
5.66251757191157,1.6993982575902673,1
-2.1743070271421265,2.2963093155499807,1
4.75651645918426,2.7888862895646267,1
-0.19173413102663117,2.5785857476764757,1
2.4161236027447632,1.8398205383103223,1
4.139613039348901,2.5060184277800635,1
2.2203227774342826,2.801367279082105,1
0.05232390945931931,2.8681989993688766,1
3.1440171199556506,0.6174966303655034,1
2.623971315406642,0.3038184750553672,1
1.4684832482273489,2.707432283697194,1
3.752333885514201,1.5479402944130183,1
6.832384129990577,0.6701377946323395,1
0.6590461652290684,1.4451535557200037,1
2.2628910342112034,2.437487858777039,1
3.3018265757877145,1.3659002755364371,1
3.0572625146757084,1.6348106445098858,1
3.2622970828361133,0.3623362018310554,1
-0.5759157063368145,3.721657541741397,1
2.602530225193939,2.876015889495953,1
2.9203851277717146,3.6378545462805,1
2.5987601732252466,2.0489802667591577,1
-2.947561292609346,3.700727849827743,1
1.8695601789221024,1.5494818469091518,1
-2.269512727230902,3.035985434257718,1
2.825933364449138,1.9869723052781105,1
1.907409344742742,2.5826052046145986,1
-1.7393561028808153,3.469649079839569,1
3.4924138896798675,2.2926232603481753,1
3.28166196090478,1.5203715694369189,1
2.25365657790456,1.975766649569966,1
1.5557308295903376,1.9445035745550776,1
6.568479434352005,1.098583238376581,1
3.8090176773816866,1.6326540215053211,1
1.499544320785652,1.637858287715411,1
2.956240589288267,2.014736025267565,1
4.574097552636019,1.5993317612126043,1
5.81970971583575,2.441855489080565,1
0.9548655634953793,2.483718456678375,1
1.8069387290470842,3.485530325195235,1
3.2373566654173374,1.8401733806046436,1
3.6284432482267017,1.0073813703663475,1
-0.749222342789146,2.4264259767738783,1
0.05806964792320768,2.2196048139270097,1
5.163776756381266,1.8863754416481502,1
4.703630152802304,2.4661072190426507,1
1.097615781208857,1.9063032016231414,1
2.7503027362305943,2.3804074158799597,1
-0.8593932405623845,2.7268710219488224,1
1.9513731812999313,2.4411215904933394,1
-0.4640100659935107,1.8457118633524066,1
1.2166703825926266,0.9677439786520756,1
4.19678047648128,2.0521661594123,1
4.414116987123691,1.68994447429158,1
3.532239875219644,3.286782857271027,1
3.3925517110081462,2.906896139746798,1
4.977795049138978,0.9168484127795302,1
0.16132085429532417,1.629587659031764,1
2.899913549641139,1.5365754299624808,1
0.6547066161540864,1.0840241959641927,1
0.9525348622915311,0.6360522333196315,1
1.0316729070547805,2.7297358785274826,1
5.335975282858317,0.6525889526672057,1
1.5039346152870268,-0.5328120398379101,1
5.5415404931028425,1.8636999168438146,1
9.094501107044199,1.2603433435901379,1
-0.2274019072559419,2.8537949226091057,1
1.4399595570139845,1.2219780154724056,1
-2.1353776136527802,0.7072918571730213,1
1.3755011333360554,2.3814074312114895,1
4.5957874479836445,1.0919124413033834,1
1.9823824375048111,1.7100401785005197,1
4.464757600480892,1.7068735424356456,1
-2.9264322760086445,4.252986180645388,1
-1.1384878096193627,3.3825042378158248,1
2.7012707342440474,1.466513718617931,1
-0.17080114827790727,4.932140167568478,1
2.0394245235932544,0.8901376298083146,1
4.911706608334395,1.934813810210469,1
0.8143766289647858,3.998991342901732,1
0.2973212815720423,3.80944435722855,1
3.3831807317606604,2.926487032157408,1
-0.09934656716503776,3.046642905122831,1
-2.5626027235602464,3.9953039534634756,1
1.2754559160933703,1.9230801612545851,1
0.4347863824706102,3.3172090478432787,1
7.608298440221984,0.23101764452869733,1
2.8403014434964327,3.4627035513042737,1
1.163290163450562,1.50069216853685,1
4.454755657792428,0.044726562857803964,1
-0.44702405512727994,2.27364682852572,1
2.917664505485577,1.5504560563747585,1
3.9080367817387445,2.201478207432932,1
3.635485966036777,0.44204386304339494,1
2.4383154097953805,1.990353998806902,1
3.327500223804104,3.128503598759843,1
0.2957143548933985,1.1230195727034529,1
4.581183723265864,3.959412380259029,1
2.4833541894351296,2.030451749834135,1
-4.427014483687234,4.307147687449314,1
0.3871759385838227,4.288442965227514,1
7.048638095919514,0.17141293450515782,1
2.200788362530902,1.3101121663900503,1
-1.0441932724667193,0.8013593909702541,1
4.502728421271913,1.006937974993502,1
5.3500464779034544,-0.6867664594791565,1
1.0924084126084486,2.1128391660531265,1
1.770310791840306,3.041758190908012,1
3.8857750411382304,0.9315172933668114,1
4.169383254805046,1.7014083054855385,1
3.858238950559178,1.8615936697950546,1
-0.31175956846193964,3.512183210719947,1
0.5322887173550144,4.197809023281406,1
2.1674106323161793,1.1654007449118566,1
4.000017638071243,1.3310360536185581,1
5.434429279257792,-0.5559558153090522,1
4.960014736131107,1.3281370354832085,1
7.22391359158726,1.720388663530159,1
2.3427595569506425,2.3187212949678435,1
1.9401687912913097,2.9736322877848096,1
-1.387135074690646,4.295188022996735,1
0.5912068870390639,1.470635031431088,1
4.143531879556544,2.314715197824504,1
0.9980645879109453,1.2241832333889855,1
-2.9873176434656763,2.4953500855275403,1
4.147860436011097,1.8416463124456968,1
-3.160140355802512,3.184726609017318,1
0.7548659025801905,0.24677966081578528,1
2.8681439649679747,-0.06847185922560106,1
2.6581546149553588,2.606047129358397,1
3.359875392693318,1.1841892841806205,1
1.0592504447731483,1.8554293794799572,1
3.023694084448152,1.497572100949464,1
2.5294256333971568,1.2622126891966259,1
-2.2177092809299372,3.6197248773191943,1
1.1872085786999866,2.728179737578191,1
-0.3130980832753294,2.416321805755037,1
0.8746691540994618,2.7968777275149197,1
3.3263560373108865,1.5600532392561575,1
4.716500237172028,0.275972798739226,1
3.675631914005942,1.294554665069474,1
-1.4408761663291036,3.895171034418153,1
-0.8019454908393837,1.8401317638703318,1
3.0156339846715556,1.7022456157144763,1
0.4390726468571575,1.3303683645230588,1
5.078273739611893,1.4990425690718665,1
3.7599792345739997,1.854611742470358,1
4.635444493953545,2.852864095694068,1
3.5832070818155497,-0.4189763778347695,1
3.1533421933612744,1.4940171667624693,1
4.150455459118055,2.398362131430966,1
3.6871425802960096,1.697174456993141,1
0.5486803386967045,3.121176341371331,1
4.428117824485627,1.4647343187850916,1
0.9754485400562214,2.575671410501261,1
1.1873295875950771,2.7387937325142553,1
3.1908865087335276,2.2495012584536016,1
1.7358173243019956,2.3999292237031336,1
0.9801932444684969,3.4125998328062566,1
-0.9450992699733107,3.483645075885344,1
-0.6116952603845256,3.0311909664871104,1
-3.1177331231531324,3.8284313456955754,1
-1.5473472005920206,2.8535266805315143,1
1.4446815912637805,2.930704057976605,1
0.48690909875358424,3.0075515722909762,1
-0.5640692993329854,2.9001169884647338,1
4.2339389554208315,0.6373560809783543,1
2.2587868685433894,2.7535471865393486,1
-3.684351452521188,3.4703006307866064,1
-1.2100882968375886,1.6198693186107616,1
-0.47876485168136096,3.3345995734096237,1
-0.6514065887795164,1.3727751549642706,1
4.019036576569629,0.7027953123319928,1
1.063836343726325,2.410388661145587,1
0.9286923382610033,3.6814407890538603,1
-1.8090744244906696,3.1024482973597434,1
3.8271639699759517,2.468884795754155,1
3.695323741128251,0.9083761279896905,1
0.08324821433257923,3.015897707832394,1
2.8120126662071137,1.1259438064600766,1
-0.45643687431975,2.5652254903602696,1
6.212882112700601,2.0177576542642965,1
-0.6145796428909343,3.471201888226936,1
0.9334399990432372,2.439516778423953,1
0.4191309151413727,3.891591380910623,1
3.231994480210232,0.8037397548453207,1
4.4113846042946765,1.525803868974981,1
2.7106549878428776,2.9814728874782594,1
1.6051849193071979,3.125282467513733,1
2.067386236124566,1.8906475931849254,1
3.382338974683595,1.7451352653056265,1
-2.360502403101984,2.4787019947014177,1
2.9935884615463535,3.80117369498114,1
-1.5368485303683053,2.3254237377679337,1
5.672967470747844,1.0135676896638512,1
1.836458025475106,3.037574002267583,1
1.4951033304174908,1.6624651654656322,1
3.3616393903950774,2.8730845664984996,1
2.9998536623008185,2.249047649169584,1
4.493336523888008,2.9142644975747216,1
-0.8877851194099424,2.210479836384063,1
2.9284575726899957,0.9331138490617188,1
0.1012145722146709,1.6106177071160666,1
3.0512975276668923,3.2240344292456635,1
0.3567380473688253,2.121986661216802,1
0.9969549028541271,3.4963354012748,1
3.1254556843460293,1.1676966751713436,1
5.296442719316164,2.0721500873479695,1
4.206909886578219,1.614481700378478,1
8.129971208514078,1.4077435543578296,1
1.9274560486516066,0.8286837462845744,1
0.4808443258177475,2.7289586726780195,1
4.7136488397708955,1.0339497173081686,1
4.03751082444706,0.26918308923193646,1
2.7321357754327016,0.3756820576720772,1
3.9260681704958342,1.9570182721409741,1
8.262049271754183,0.2892341539711556,1
0.27397177000842854,2.4758514658257202,1
-3.8651485140535957,3.7716281138907064,1
1.385257192988108,1.5998542919588743,1
2.3627289121874924,1.7206936812201334,1
3.1184033485759772,1.2712019832204275,1
3.1344277066772763,1.7701813431812683,1
-0.1115443424958551,2.144415253099197,1
-2.786950486548198,3.590971832293694,1
1.6199345465413797,1.45375889782814,1
4.618452713770404,1.4986130935163082,1
-4.181771596166964,3.1287970497744704,1
-0.3960378104390161,4.804381874660766,1
1.1127106523469261,3.1348238111735895,1
0.4694639475706128,2.978594995474243,1
3.3551542561538232,1.5902005462165107,1
2.852424899682318,3.6986005687012704,1
4.1433035961232285,0.7287848552778813,1
5.421448836448528,1.787857705071968,1
-3.4120752733791617,2.055648249020844,1
1.7718049674817073,1.13362299275512,1
4.534019302892304,0.0017170494639828782,1
1.7221777642193548,1.1649782210989605,1
0.22731743105006363,2.4684909369144483,1
2.7348866976159,1.906499207152971,1
3.8149097816314748,1.5478813286862136,1
-2.5223966379805978,3.5142388243397136,1
1.0722387428535125,2.675501656607539,1
2.6164642827888014,0.6205401601834724,1
4.304816389927122,2.140331317583362,1
1.3793843068166738,2.8169164688949153,1
3.5587694810527357,3.007671742723459,1
3.712734602036118,1.9105232323033507,1
-0.5285602482554594,3.049587305920687,1
2.2342039684027637,1.176989447610898,1
0.7445916087541864,1.6750904533981334,1
3.1889782959807205,2.4274847449110184,1
2.757518508694116,1.005819886212568,1
-2.2399902444527156,2.7779330928315913,1
1.7619441985590685,0.5636146052334883,1
-1.301250320576246,1.8050723217005535,1
0.3203455732490428,2.809861249694831,1
2.887945214607727,1.0108819474581519,1
2.8560489498904906,1.084279782334432,1
-4.958954648980735,2.9179904349422277,1
1.6254868807641762,3.3607838895051105,1
-2.618849166979632,3.9802459888726065,1
1.1995350974439074,1.13809137484302,1
0.4490638217143963,2.248850991579149,1
3.8794412598360664,1.5224484799008782,1
-2.110600119034774,1.9565976885006435,1
1.421284144500936,1.9074771487751547,1
2.3024154616550634,2.616496453014177,1
-2.240758688134153,1.5596633632987706,1
2.2920679741757564,1.9870708820777048,1
2.1308496998398456,2.3231160188797717,1
3.7297497669670387,1.7529524720371616,1
-2.1590269772551176,3.4574553181354135,1
6.188518786157957,0.3033015265580994,1
2.6317385055536615,-0.8728888208503123,1
4.64934134677548,0.5382804167998496,1
2.549028540503936,2.196868285157157,1
0.359429876474215,2.669933293755029,1
2.7063160409863123,1.0680684743894,1
5.85459073683195,1.897431392767385,1
7.13960534368114,2.964240582656223,1
2.170177017925994,2.1120376069947735,1
1.4541643004207758,3.156888684294957,1
3.839767365001847,0.0790576419487512,1
1.1502855055070753,4.075645189258747,1
-0.36997246743082757,1.0118754606567175,1
-1.2738158364603427,2.718602061201377,1
7.301650031125773,0.9518730508050803,1
3.9712741856721694,1.4490027559075311,1
0.19592372855078422,1.476475269041938,1
4.830781968677434,1.6923687747931957,1
1.8111927785561026,1.6541709631157056,1
-0.7104904243785479,4.883399979471412,1
3.3051312170350426,0.33883980433512995,1
1.6666427687124739,2.2914187741268712,1
1.5161455384350444,1.9975064400520703,1
4.3185837351878,1.1447645797197494,1
0.6607465201981766,1.5994449060275193,1
1.0613614358858825,3.9435919528564005,1
-0.8034612796431717,2.486977546587476,1
3.533104030666893,1.6404531853814444,1
-1.8525358090469863,1.9281238279488107,1
0.6382931119276489,1.4549611100123787,1
2.540261861880552,2.3197715967824917,1
0.8286736705498212,1.930878583647457,1
-1.8866406778786375,1.7630565162038603,1
1.4089566127998827,1.1905656970912015,1
2.240540658080216,2.425661173728347,1
3.542857607674214,1.5165307569196718,1
4.402193958016909,1.3725688123929431,1
0.07542968971881647,3.983330528552139,1
4.04401880071778,0.8689247141281504,1
0.8229415586488913,3.069050458836659,1
-4.663160598921294,4.0299153991358985,1
2.2954924718408134,1.5543651297828847,1
-0.18208527945984176,1.7575135814533551,1
0.5750997338196093,2.6942420622002916,1
1.6983255633779968,2.9382264256405906,1
3.897688690363932,1.5301804766592013,1
4.0817976274812064,1.1906889097634954,1
3.141731128712527,1.0893588618744068,1
-0.11088307308396894,3.268857553013171,1
1.3412547915375717,0.12935336988755064,1
-0.7676020874241218,3.741773677703213,1
1.7466704711770775,2.999870311855611,1
1.9185625052867357,3.4521707526752894,1
2.606134093410997,2.422146074739932,1
1.863316596005804,2.5985053665363247,1
5.6047062736773725,2.8421741350851826,1
3.7497944554038956,2.681514797279757,1
2.4464864677187483,1.4861885048585985,1
-3.4836554393597146,3.4660687305397877,1
4.29064711303012,2.29099103571213,1
3.486235306883151,1.3252191283101213,1
4.9972659522298635,0.8080696636262932,1
1.5031260196340437,1.5124119064512598,1
-0.6289877387071852,2.328350666437315,1
1.9132841127706712,1.7000000194097038,1
-2.438680576070749,1.8177236070700988,1
1.8796419256635737,2.863045232836736,1
2.568361564591196,0.2942926869196487,1
1.0698260099823766,1.3331376633331842,1
1.2007906564428508,2.186146543745054,1
4.075411938247148,0.8835217442862597,1
-0.37911254825078533,2.9486470339984066,1
-0.8027134753788787,3.531816425641002,1
0.0017073800795719407,1.8853173639677159,1
-0.2857704419409943,1.0354764033598236,1
1.1557945828083405,0.5476581971986678,1
-1.454662897416176,3.652438762656474,1
1.6682964428680214,1.897964756809732,1
5.669701102772235,0.5426185886728503,1
4.8595833583586545,2.2827259678829863,1
1.1705452005525954,2.4162275458589093,1
-0.633467700047968,3.4576585659072077,1
4.281206044833679,1.6963175173526437,1
1.809290709650437,1.3131584906187053,1
-1.0442733917258318,2.2229954712290434,1
0.43357353001771193,3.3354486438090545,1
1.0456389983138912,2.4289383549531,1
2.22818667752314,1.6910429087182706,1
-1.0603019190991025,1.4926419009744194,1
2.2695980904635262,1.97123771287104,1
0.5887947054162539,1.865899124511807,1
0.10046395401858077,2.7801656117728135,1
1.0129386279346648,0.8994840845738685,1
3.701735107659707,2.3580137290682885,1
3.4317285532826656,0.11256497523886289,1
2.7116155095752577,1.6903503521484478,1
-0.6020873455023734,3.0468072970237987,1
0.7940274271383951,1.1969175342430414,1
1.2710518185385298,2.1542572250779966,1
1.2599574006036593,3.659422996999424,1
1.466305045242361,2.5383417000156028,1
-0.6332585583077344,3.3531635307592302,1
3.5884237417527154,1.8028160540633635,1
3.577195343961696,1.462288319044974,1
1.177805360404793,2.271895738351685,1
3.8743718410743,1.1584714472368978,1
-1.9235023026678797,2.7381018278164784,1
-0.543415718197795,2.9310732875159013,1
2.680933715498906,3.0279583714045932,1
0.7177976073147081,2.211306319414487,1
3.1280224938256573,3.986189539683769,1
6.113111573523668,1.5898501117376216,1
0.5027416499829536,0.6484083780156658,1
0.933673419204111,0.6678328033250245,1
3.369690909640788,2.62798311199669,1
1.3374238947316153,1.5424308296448288,1
0.8504818321659651,2.070470203921707,1
3.5191119269520326,1.4236561099244118,1
-1.2986713175646116,1.4370634974389236,1
1.9919720707773259,0.9885518959137554,1
2.8747836788729675,0.9729017101521984,1
4.112356329168381,4.936351289095544,1
4.035238115514911,2.2904628393519646,1
1.9438107344067888,2.9333754733545994,1
-0.5027945058783185,1.2262687168779642,1
3.98562154171426,0.31465548368823226,1
-1.7799831702235336,2.1244613890957047,1
7.336174337263484,1.4284531292833351,1
3.2031304873539757,2.8752932772438236,1
-0.5840430417535591,3.518918869801961,1
2.742046629214503,2.192222501356086,1
0.8506449950549451,1.9918814641587226,1
3.5073231912146516,1.9629035163756579,1
2.751670753967886,2.6978279114249113,1
2.2569823466631846,1.4796434770291085,1
1.0279228879260858,1.6925058690091266,1
-0.8920082298881953,3.271033301710835,1
-0.7368905705059268,3.6096840242623833,1
1.4118797380340466,0.5826383628009211,1
3.0121931964078694,1.5658615284362591,1
2.849718500965702,2.5281593077167086,1
1.866128785630157,3.8853141933923827,1
3.107761484630224,1.8925506039597988,1
7.477202787015477,2.2940466317131154,1
2.359236929630195,2.6084168808821504,1
3.4105296147603594,0.883231808464255,1
2.405861044688577,1.526969467911879,1
-0.5544924451822535,2.8066961572182327,1
3.5337103326505233,2.054519620282442,1
1.0273363110030593,2.699361279700316,1
1.1207568082903374,0.6323996442619197,1
7.0519358420742,0.9434162542367255,1
1.0723086478149855,3.131706608514577,1
2.723374494876786,1.6758300371224353,1
5.119904448853134,0.4544729948999233,1
2.040743344666171,-0.07128039215084359,1
1.7737016157003944,2.1528367852503663,1
5.025235931592182,1.9686917379870885,1
4.773717798524202,0.8472036250317734,1
1.140973576326628,2.212333619203238,1
0.3725542661286805,3.0275124542592957,1
1.0365100653527086,2.035538084628566,1
5.718413535571732,1.7234262875902386,1
2.790724171286227,1.6300560092386953,1
1.7083448397718954,4.367193842943045,1
0.818219407143914,2.86938604087203,1
4.498289919412207,2.4435634518845584,1
-1.4191250507871227,2.72687745816103,1
4.352477485017374,0.3762116190023459,1
5.3481269252397015,2.073381532124979,1
0.6782824992951024,3.492969078761453,1
4.284258914131124,1.2763447760257431,1
1.3704793433191782,2.6037419478206036,1
-2.725888050578205,2.1731572870161004,1
0.2245927411402615,1.7556801413270127,1
-0.6405084443965516,3.219152670154941,1
3.451882733976223,2.264879503496077,1
3.055987215776714,2.2557521992166225,1
4.197264288627531,0.8719808479130091,1
0.2239854749256649,1.4326846182392063,1
4.262860101108492,0.27549826586005643,1
1.9138182093948493,3.1801826322359146,1
2.793362189472342,2.296186934289205,1
3.149181836160702,0.04062835855357516,1
1.6408237496809184,1.913577654090159,1
1.4343162192493182,2.426806024288087,1
1.1651792750190686,1.308284374001565,1
1.4856785692019807,1.8351768430770512,1
-0.43112329314010234,4.474225471488259,1
0.22077289091852026,4.185749345245886,1
5.28657424908517,0.6227815517630428,1
2.3612433950028677,2.1080037584160696,1
-0.4622475354596256,2.5007106245408703,1
1.6855961645107733,2.364908073887684,1
0.6276472003772502,1.915164434359078,1
3.6426466449235844,1.9837868544371882,1
2.9770893409405814,1.8064844282353203,1
4.862659494151129,0.5537682873650378,1
5.920536327474707,1.4479456960640356,1
1.4460255830424018,2.162995252183781,1
0.3359184911378623,2.1610449161448146,1
1.3024475807504308,-0.06790459888477374,1
2.470770993689965,1.5482470883575046,1
-1.4662544305957792,3.1164438449798544,1
2.662796359576507,3.0653599111304426,1
0.6324170334943515,1.8715452014991132,1
2.45247514155938,-0.0282923265456807,1
5.3727633807158295,1.0216286910461652,1
0.05994203174032364,4.209702098231804,1
2.6268067531189376,3.1485522410385394,1
4.607633592659754,0.3143587936621439,1
3.998026186375997,1.9045950364260589,1
5.381949752779995,1.217494369674208,1
1.0783002004886229,2.875476748455226,1
2.521392075564461,2.0003373170983894,1
3.7189417969932603,1.317989151948009,1
4.272201124097126,1.9411666484412535,1
1.2714772464610111,2.5788570177414547,1
2.153288600920524,1.343244424221032,1
0.5910341836894075,0.5169615742694551,1
2.919671667594055,1.4013153641073925,1
2.6592513812678558,4.492468640891838,1
0.3088220980772991,3.9077792954631945,1
2.5038226874276113,2.990961475969275,1
-0.3055396037477571,1.6795692846257686,1
0.8116748525093891,0.7210983363330876,1
0.9739174289299415,3.1736643281955472,1
6.161044306576506,2.7321260797123346,1
-0.5346076999328973,2.6780155963942747,1
5.991781128450523,0.7470516777084004,1
-1.873810205999571,4.378018130890532,1
4.350266435666846,1.9609578890892965,1
4.635410381363858,1.3776340983798185,1
2.65154864322216,2.5612439780849368,1
5.149554297152615,0.051941528925917524,1
-2.6694575516583505,0.8873470039018294,1
1.8976411347804758,2.7825173761182116,1
1.35429656203864,4.703383958592955,1
5.167201437624211,1.3647104491324626,1
3.7829741390633735,1.3511644322533904,1
1.0704498040891068,2.8843679585986206,1
1.2454477975225606,3.086040581626599,1
-1.7974445799614327,1.968461409537965,1
-0.8710093540316048,2.737266111345382,1
3.741008359393939,1.3362475698528362,1
0.8591648461638313,2.5342749877906714,1
-1.3106440939052062,5.693232488980349,1
6.380866274165445,2.2851006943757297,1
-0.6645967285417469,2.8541332463317697,1
5.683467686021677,0.5525863219521328,1
0.31352167124655494,2.9131609849836044,1
2.507150753143935,1.0365566751455837,1
-0.5854170845592215,3.483571633156463,1
7.108026472726136,-0.3508064210954167,1
6.077937531070194,2.4319858429008723,1
2.110963508260682,0.7795144205117941,1
0.42086723643211466,2.4746739500409425,1
-1.3158715238676941,2.1095159362291573,1
5.103566889849439,1.6605533581268919,1
2.415949410183675,2.6639674662017194,1
0.9010478937726356,1.9297425242414725,1
3.559882502909737,2.6865129227894617,1
1.300688391485171,2.6891495668408583,1
2.1292630306200158,1.271513985290993,1
4.167400831760345,2.812510591617201,1
2.443468380948383,0.6032835148117692,1
0.9372557783092552,2.730691769806403,1
4.412219265240622,1.4973784402459784,1
-0.8060905148869466,1.7073786560812336,1
-1.4190893533879434,2.1040627739503095,1
2.3990127114237807,1.5203306861327865,1
1.8224860661954518,2.0866026448372157,1
-1.1088488449104354,3.259088974251246,1
2.3857647304481056,1.6816701163707664,1
5.097325404699272,1.0541050176714761,1
-0.2619993390736526,2.0784177144625144,1
3.8587821447514608,1.3747214431582746,1
4.162489394003651,1.149469125979666,1
6.455588354828566,2.6899089096057596,1
0.23051567714111942,1.706353528657583,1
6.861339261429175,1.2568564104771007,1
3.4392621935115515,1.4277905373524507,1
4.763010096167176,2.768596560310316,1
2.150075056533861,2.15506514520933,1
4.6232836274246605,1.8867820598954166,1
1.8265410229559211,2.3876505256127762,1
-1.2250915231484236,3.145767895225833,1
5.6388787412111885,2.0731457818465566,1
2.8015754972243236,3.8157486321995684,1
0.8792571785758894,1.7647519619902208,1
1.729935079556097,2.1919447422836087,1
4.540725957765086,1.468054665589538,1
-1.1435125705417715,3.9735694593777104,1
6.09827820665006,0.4006127244983124,1
3.87679480799504,1.466973871773766,1
-0.6479359832701688,2.2519662967389062,1
0.05600837559701155,1.554766959521897,1
4.154645591863471,1.018994194424675,1
-1.7220795582943174,3.9988338524483193,1
4.692227379891608,0.6784146693723838,1
0.4528364759974852,2.052908792798227,1
-1.7791240747899284,2.8933056453081734,1
-0.10098193792608345,3.081429579625521,1
3.3924813842977852,0.5012588488502869,1
5.484834170236277,1.1495800275882977,1
1.3500618652235945,3.0473366918507723,1
0.06741421791618896,2.09408627118567,1
3.9548277156494525,0.40588571805735985,1
2.519651466405218,4.024867542861969,1
3.0200136213413087,1.48276732520937,1
5.20665527377678,0.889502484834231,1
6.944048838529427,2.2926987987076166,1
1.2462351520354988,2.2661436799887387,1
1.4921031116010215,3.5488877743619844,1
1.8772150409683752,1.39616638735757,1
2.022727487960923,2.3217589119643414,1
-4.006712673742545,3.406458747907014,1
3.033227383200991,3.2901666123373987,1
0.19111946672783597,2.472774169628038,1
1.5419713313170154,1.8834699625944786,1
2.8941373683924474,2.453109892351246,1
1.986581588443468,2.417030575926257,1
2.3520984916023617,2.9529961064757417,1
4.057191920300773,2.126248734802637,1
3.8288262802149986,2.887696131698542,1
2.7248190285948137,1.496201558052495,1
4.728361783671079,1.3493279962277827,1
1.1900827776227332,2.267341439604606,1
5.715587724268261,2.071820754947699,1
2.433045030840493,2.6875745500607944,1
0.7137233404905183,3.164101069431847,1
0.12372601380363601,1.599223951526019,1
1.1124503428107886,0.7619753563404366,1
0.8864599619131537,2.911230291648645,1
1.1525089680071967,2.043455624113436,1
2.461736941343758,1.4569079612928086,1
4.750721915848262,1.8750739976558037,1
3.1085613438353783,1.9169068026655693,1
0.7999762194644577,1.7648877648680692,1
1.1034180886285285,3.3028219097704783,1
1.4744097357357182,0.9897882777868166,1
4.067812803750469,2.0633481555205417,1
1.840823443055069,2.1965644698062823,1
3.1586640148166785,0.401081680195001,1
1.3516863663108833,2.5180775968415396,1
4.853417248934279,0.6820660302521466,1
0.005299311704259013,1.1746853926884036,1
0.8353279681183721,2.8250882575629253,1
1.1695641294637853,1.0409927718941236,1
2.2243177935121823,1.7149785020051729,1
-1.7184649228057793,4.180298216174329,1
-0.10922552767058091,3.8222494093834234,1
7.975733831365773,0.7959037977337511,1
0.7760286203685902,1.277506205699272,1
0.6683424084253713,1.3115232596785282,1
2.935105149306402,2.332420772656566,1
4.431867474346036,1.4826313138200873,1
-1.0038961573216207,3.104208973642507,1
1.0286985279428411,1.879387533083638,1
2.534211483410644,1.8631097340270428,1
4.1536721987402725,0.6960703774081727,1
0.0026533315077026387,1.6995310582948884,1
0.6886043778345949,1.7339870279631768,1
2.1020376905327787,2.7003774614190923,1
4.526442377754509,1.049857255414477,1
-4.154906055460136,2.312589661662538,1
4.461841045434236,2.497292451695475,1
0.35740790854150184,2.4471795578956783,1
0.1646686200940648,1.1534866504749663,1
4.384491760855889,2.023428995130815,1
5.6398269348176235,1.526911389294233,1
0.8470165702096368,2.4119922018552926,1
3.5786421944246487,2.7533639064883655,1
0.20945339521672457,3.8029165636188256,1
1.6713281220465677,3.698908754341155,1
5.002594638096188,-0.10901277722062552,1
-2.265675761998481,2.6638032927910484,1
4.597997172486654,1.9113534251086501,1
1.0170997095047487,2.6142181312549444,1
-0.9021589682300655,3.5387195609251156,1
1.5529804355537589,1.8663009564719735,1
5.93482006618942,0.815374838622333,1
-2.6850898880729615,4.494890585039881,1
1.4761710786788542,1.8938125122390792,1
-0.5578521927679545,2.6981209438485347,1
3.5033007039773665,0.7610050842812419,1
-1.8534634855888967,3.2945047033942423,1
6.009150461127737,1.1488177720391726,1
1.6037154410972434,2.0786609779032217,1
1.8679638025682301,1.312482974610122,1
2.5871623446805314,-0.31907923647559766,1
-0.8005865475595293,3.4175485570316217,1
3.38581086811506,1.3024746096108017,1
-1.4401476849169352,2.6940484786996124,1
-0.8285131864073705,2.2041799882168265,1
3.469432249629116,1.4408347533242547,1
0.9897171249496339,1.9989323521637958,1
2.99994360294178,1.5117725122926025,1
2.5238795596771197,1.0213168896880194,1
4.4423181776688025,1.4116065933163238,1
2.9599632393989666,3.9341836960667846,1
4.142547950526401,0.09196594164763638,1
1.1200589910337837,1.8588123248705926,1
6.064061174591753,1.621101097642395,1
6.889111036029092,0.7797016379151331,1
1.6588541969834223,1.319315782853863,1
0.8240077570474373,1.2699671760882054,1
4.592138058237879,1.1619243268240604,1
2.4363532001445285,2.3897136223776467,1
2.4170962005334444,1.7342575149358666,1
0.6645029901966171,2.0038069071229825,1
-0.6256521463893128,2.5144229569155128,1
0.9627737058679469,3.8592111667772624,1
4.3097423400085715,2.2825205080425106,1
-3.242001854009432,2.9161327358146267,1
3.5422829496461032,1.326669821959321,1
0.3876610201774491,2.123038554640527,1
2.7891230029499665,2.2925784673337573,1
3.9970079177652456,0.7532894850279175,1
-5.454198631525157,2.6881715620499307,1
-1.8828169289900991,3.185239347980805,1
-0.01498246831548089,2.672689641875231,1
-1.2701429015463948,3.886799246719676,1
1.4246305544576454,2.656340505963451,1
1.592766882282475,1.26070034937839,1
1.7339125377921383,2.300931285841635,1
2.254006596379779,2.662902127822373,1
3.861206757345851,1.693151201896947,1
1.2824974565920986,2.218233016251905,1
0.5862425662466535,1.5679023744799658,1
2.885381998663213,0.2017231148966987,1
0.2688406860390855,1.1910180547391522,1
-0.03866355117225062,1.510407092854924,1
2.9351826843847295,2.1231239839562397,1
2.9696161260395915,2.172784802470447,1
3.3763413641528266,3.81362941698605,1
-1.0499541738466052,1.5648474535176,1
2.1880686597899537,1.1776093927312297,1
0.0014246071085226575,3.6244482237776925,1
3.1610630839800695,0.5613331860019506,1
0.7862418315105693,1.1264744756875071,1
1.422176582367611,1.647299010720043,1
0.4996418800700737,3.1249469465932513,1
4.1752868502336655,3.225231631055097,1
0.09460259628263645,2.484059757913945,1
5.075983943990104,1.7858280271027671,1
2.430535073801186,0.36447850702285645,1
1.296428583336506,1.6331736413605529,1
3.0818277831808047,2.7627452805409627,1
7.219884378692505,1.198420225341922,1
2.07293470107236,2.7707100822121906,1
5.044527943426136,-0.10200508365691352,1
-2.8427260386813042,2.466179949632783,1
1.7175189253087892,1.4033924609823885,1
4.3719355091380745,1.6956094203374226,1
1.1586724965097652,1.862398887129902,1
2.074466786940715,2.343988301594594,1
0.5138478978789682,2.6124043825335272,1
3.804598094796338,1.9744440140691715,1
3.192943352622467,1.1533634538924793,1
3.4970628736361054,1.8386948553438227,1
-1.4448056694434062,3.293218743197344,1
-0.2990651650302789,1.8930616181524815,1
2.0162074918349293,1.68235046165096,1
4.948868597865844,1.8320528890060515,1
3.258854784622349,0.9844126752435114,1
3.3786033535865316,1.5380018501356703,1
1.245541635360201,2.8338673285120173,1
3.428856697450539,1.928346171013591,1
2.778178626029988,0.964475731518939,1
1.230806159236499,2.670546966288459,1
2.4407005368066907,1.8145147252583422,1
1.4033737361162189,1.8969872599505133,1
-3.0837380887653065,3.4304771823863787,1
8.43495967545679,1.0603881798814885,1
2.7817100699133355,1.333448858014794,1
-0.03264839312112766,4.183079068747488,1
2.5530568817828136,1.2520055851135992,1
4.898981519220804,1.11594145473769,1
1.6748432588930005,1.3461207874275045,1
2.398914905800284,2.6086086698924986,1
-0.46271885756494635,2.7163523839032924,1
2.61165836116714,2.2849652885157075,1
-0.522292225156344,3.8199301976560958,1
2.5488200654374564,1.2048056111734176,1
0.23825739612211394,3.2457726775866425,1
3.7631787655171354,0.6447161862172011,1
4.237184065360717,1.2680720661695073,1
-1.0317659661658283,1.8908912597987135,1
-0.06546068331005017,3.7579626654801728,1
-1.5433031140346758,3.54674428492758,1
0.15937391341843465,2.395974714406576,1
5.501565828528882,1.8870029582010857,1
5.289883627454501,2.744316585511791,1
3.511174696759799,2.797075116772908,1
4.920634734204027,1.2577638982887849,1
4.743996388471197,1.3791379764151204,1
0.8069898710116434,3.7439502908197877,1
-1.1310495185494887,2.9915934646948923,1
-2.8591494968888327,4.0174644921599505,1
4.719390060330007,2.684313885212315,1
1.8104109746303902,1.773273746001179,1
-0.024525665612681546,3.021402763977506,1
5.096948839689269,0.6168391207516071,1
2.336730485900341,1.6945955574263925,1
3.612724187241607,1.894157739655522,1
0.10015684708593531,1.927016038521411,1
2.3882957042964303,2.228377254800533,1
3.4447940539764863,3.4272348085878326,1
-0.38068615200330047,2.3742173129420503,1
1.5685386422860486,-0.07363756685034417,1
2.111014921096663,0.9196372013267509,1
0.23800058813643465,2.046175036872353,1
5.901395874942457,1.9941211722835233,1
0.1291433136369724,2.9988867534296673,1
2.5754041099082743,-0.2866332390907349,1
3.1063158896060434,1.5863221376624617,1
3.1749559242976915,1.8936603533195935,1
3.7966604682764324,2.495876623506221,1
-0.22097665335343386,1.9432347088802109,1
2.340623380679113,3.459930469596787,1
0.4635471489437728,-0.06220376335363831,1
2.6535139550193128,1.6858743537554814,1
-0.11881535226979523,0.8300012006237181,1
1.348076329884472,0.6138782468894082,1
10.416995657495361,0.046824368045474074,1
3.595608621661088,2.6068356917539792,1
-1.1282195305634648,4.237238390416354,1
1.407161383290482,2.961956784189081,1
1.8026331905960098,1.6948808023683564,1
3.209219317628036,1.5485685627156396,1
0.9229892251478289,2.475430581897566,1
-0.9496655883103235,3.7022964333803214,1
0.42988671940076784,1.6551377300013335,1
0.5702799968090106,2.3791818503510545,1
6.730266761787565,0.44132781085179973,1
-0.6111216262500117,3.6187406274824494,1
1.8397115188237299,1.6441803245722397,1
-0.8803338047737288,2.547009979633069,1
2.7033908889126588,1.4330008719517964,1
2.940860508240487,0.8427648970581232,1
3.524659481420022,1.9263490588459393,1
0.12190387714009665,2.9822889534055905,1
0.89913629100148,2.2242629923274744,1
-0.883379564925324,2.7400637756036703,1
3.4035087277754688,0.8577338121203257,1
2.0460881068556933,1.7700962631521058,1
1.9557549734919875,1.747857985873042,1
2.4827351260637722,0.427464545711286,1
2.74785874839697,2.4319810323505364,1
2.872144456273319,1.589139955898749,1
6.205235093958312,0.18758948427060873,1
0.028473577296376007,1.798051498359385,1
4.924328984480458,1.9025147417851356,1
4.29232623797622,3.0694085382140925,1
2.947963177725878,2.5502176497051265,1
4.291290792371262,0.6724140452479086,1
4.63501759823591,0.47842666456687666,1
2.3445738261252984,2.233372552079081,1
1.0529450471771786,0.6820685148371863,1
1.9064470714706536,3.121327247261905,1
0.03534853171875252,2.246116925507544,1
2.7856036701155102,1.3606017772601562,1
0.9201287559133657,1.5645082982231147,1
4.146675317632569,0.9759740475715524,1
-1.6871874626270977,3.0631540166877436,1
2.0822490423617044,2.1792237656363223,1
2.2842748838483553,2.9669148415615174,1
1.1690420800921981,2.343030797316676,1
2.052209285049243,2.349378365546159,1
2.709462805844752,3.055968576116613,1
2.5995898056693725,1.395065079647203,1
6.138294874175568,1.6916023984808102,1
1.6581734474280523,3.359587239827353,1
1.8983180668750994,1.4301739310729031,1
3.6157276583837157,1.30837793445012,1
0.29521860915259013,2.809566328843755,1
2.811163133727348,1.8408001851451947,1
4.3752997474982145,3.0120215915824544,1
3.9946977176008684,3.0424207618864423,1
1.802290041195635,3.820790317119421,1
0.39737193940262516,2.857297831215716,1
0.7344177028106926,3.6178707848285963,1
2.0057198148698503,1.7585575823647122,1
6.687747539770044,1.103319655364216,1
6.098648249635407,1.9932752016113744,1
2.9043598551757124,2.200282218823749,1
-1.4827348976218628,3.7612652977682766,1
2.7899866859456104,0.40849136500233607,1
-0.23945928348476242,3.6042297275765205,1
3.9495821593362654,3.332585107905518,1
1.4612590384053687,1.3672852685076635,1
2.3586394956976937,1.829578312539185,1
4.121362641809711,0.31628267888338923,1
-0.7845367274192321,4.95337768499671,1
3.7957572636506436,1.3267501408504854,1
-2.552451633993492,2.0350627645120793,1
-3.7690850405597276,3.23196849689462,1
2.691664245572137,1.9472208863657297,1
0.3177711262214544,2.336728278595814,1
-1.8747584073176178,0.7206941696245401,1
1.1283757025382797,1.3438803816563163,1
0.9028918073765357,2.222709367224135,1
1.5655580668038847,2.0685091202767563,1
0.24021872698365399,2.6047579230879516,1
4.913669384496025,0.2511436954806725,1
-4.390167910429952,2.765582435585583,1
2.4024170189197105,2.080213019353054,1
3.060058386924549,3.032029629905471,1
2.5891265067042144,1.7493466436472187,1
3.827040197611736,1.3648270222501426,1
5.238535070821543,2.439602171068925,1
3.0929357266032524,0.9304405604445043,1
4.535230443426378,2.6368658582071953,1
2.6529692544310643,0.40541361633992157,1
3.2141283788743147,1.7887135136054284,1
5.372899001703432,3.249551253465922,1
